source,target,regex,code,type
^/$,https://www.randodazur.com/fr,1,301,url
^/bienvenue\-francais/?$,https://www.randodazur.com/fr,1,301,url
^/en/bienvenue\-english/?$,https://www.randodazur.com/,1,301,url
^/qui\-suis\-je/?$,https://www.randodazur.com/fr/meet-maddy,1,301,url
^/en/who\-i\-am/?$,https://www.randodazur.com/meet-maddy,1,301,url
^/randonnees/?$,https://www.randodazur.com/fr/experiences/hiking-experiences,1,301,url
^/en/hiking/?$,https://www.randodazur.com/experiences/hiking-experiences,1,301,url
^/velo/?$,https://www.randodazur.com/fr/experiences/cycling-experiences,1,301,url
^/rando\-apero/?$,https://www.randodazur.com/fr/experiences/sunset-apero-hikes,1,301,url
^/randonnee\-des\-plantes\-sauvages\-comestibles/?$,https://www.randodazur.com/fr/experiences/edible-plants,1,301,url
^/enfants/?$,https://www.randodazur.com/fr/experiences/family-experiences,1,301,url
^/entreprises/?$,https://www.randodazur.com/fr/experiences/corporate-incentive-travel,1,301,url
^/reserver\-une\-activite/?$,https://www.randodazur.com/fr#booking,1,301,url
^/en/book\-an\-activity/?$,https://www.randodazur.com/#booking,1,301,url
^/contact/?$,https://www.randodazur.com/fr#contact,1,301,url
^/en/contact\-2/?$,https://www.randodazur.com/#contact,1,301,url
^/presse/?$,https://www.randodazur.com/fr/press,1,301,url
^/mentions\-legales/?$,https://www.randodazur.com/fr/legal-notice,1,301,url
^/en/legal\-information/?$,https://www.randodazur.com/legal-notice,1,301,url
^/conditions\-generales\-de\-vente/?$,https://www.randodazur.com/fr/terms-and-conditions,1,301,url
^/en/general\-terms\-and\-conditions\-of\-sale/?$,https://www.randodazur.com/terms-and-conditions,1,301,url
